School_ID,Name_of_School,"Elementary,_Middle,_or_High_School",Safety_Score,Average_Student_Attendance,ISAT_Exceeding_Reading_Percent,Community_Area_Name,Community_Area_Number,Latitude,Longitude,Ward,Crime_Count
610038,Abraham Lincoln Elementary School,ES,99.0,96.0%,64.4,LINCOLN PARK,7,41.92449696,-87.64452163,43,4437
609926,Franklin Elementary Fine Arts Center,ES,87.0,95.9%,50.2,NEAR NORTH SIDE,8,41.90657253,-87.6355136,43,4437
610033,LaSalle Elementary Language Academy,ES,99.0,96.8%,49.5,LINCOLN PARK,7,41.9138823,-87.63760107,43,4437
610250,Rueben Salazar Elementary Bilingual Center,ES,64.0,95.1%,15.5,NEAR NORTH SIDE,8,41.90144445,-87.63373912,43,4437
610095,Walter L Newberry Math & Science Academy Elementary School,ES,71.0,95.1%,35.9,LINCOLN PARK,7,41.91397435,-87.64601501,43,4437
610281,Adam Clayton Powell Paideia Community Academy Elementary School,ES,54.0,95.6%,16.5,SOUTH SHORE,43,41.76032435,-87.55673627,7,9866
609821,Burnham Elementary Inclusive Academy,ES,61.0,95.5%,22.0,SOUTH DEERING,51,41.72050221,-87.57759489,7,9866
609862,Edward Coles Elementary Language Academy,ES,22.0,95.1%,5.7,SOUTH CHICAGO,46,41.74142687,-87.56593332,7,9866
610280,Kate S Buckingham Special Education Center,ES,31.0,83.4%,0.0,CALUMET HEIGHTS,48,41.72782129,-87.56439326,7,9866
609806,Myra Bradwell Communications Arts & Sciences Elementary School,ES,31.0,92.1%,4.3,SOUTH SHORE,43,41.7543734,-87.55717881,7,9866
610045,Robert H Lawrence Elementary School,ES,19.0,90.7%,3.4,SOUTH DEERING,51,41.71440176,-87.56716721,7,9866
610002,Thomas Hoyne Elementary School,ES,67.0,94.8%,14.0,CALUMET HEIGHTS,48,41.73330693,-87.5681905,7,9866
610185,Adlai E Stevenson Elementary School,ES,61.0,95.7%,15.5,ASHBURN,70,41.74711093,-87.73170248,13,4639
610006,Edward N Hurley Elementary School,ES,77.0,95.4%,11.7,WEST LAWN,65,41.7667583,-87.71950804,13,4639
610120,Ferdinand Peck Elementary School,ES,51.0,96.3%,13.8,WEST ELSDON,62,41.78792632,-87.71922211,13,4639
610117,Louis Pasteur Elementary School,ES,50.0,95.0%,13.7,WEST ELSDON,62,41.78688968,-87.73262962,13,4639
610544,Mariano Azuela Elementary School,ES,54.0,95.5%,11.9,WEST LAWN,65,41.77105158,-87.73992325,13,4639
610291,Richard Henry Lee Elementary School,ES,59.0,95.0%,7.6,WEST LAWN,65,41.77532831,-87.72892174,13,4639
609956,Robert L Grimes Elementary School,ES,79.0,95.2%,18.8,CLEARING,64,41.77549238,-87.75876919,13,4639
609993,Agustin Lara Elementary Academy,ES,56.0,95.5%,9.6,NEW CITY,61,41.8097569,-87.6721446,20,11923
609837,Andrew Carnegie Elementary School,ES,48.0,94.6%,20.4,WOODLAWN,42,41.78339577,-87.59079649,20,11923
610169,Austin O Sexton Elementary School,ES,23.0,90.5%,5.2,WOODLAWN,42,41.78517099,-87.60866927,20,11923
610150,Betsy Ross Elementary School,ES,39.0,88.9%,2.0,WASHINGTON PARK,40,41.78383382,-87.62365383,20,11923
610148,Cesar E Chavez Multicultural Academic Center Elementary School,ES,54.0,95.1%,8.4,NEW CITY,61,41.80715514,-87.66600055,20,11923
609813,Charles S Brownell Elementary School,ES,20.0,92.8%,8.8,GREATER GRAND CROSSING,69,41.77163474,-87.62170972,20,11923
610065,Emmett Louis Till Math and Science Academy,ES,31.0,88.0%,3.5,WOODLAWN,42,41.77544062,-87.60932095,20,11923
609983,James Hedges Elementary School,ES,22.0,95.4%,6.8,NEW CITY,61,41.80713406,-87.67329121,20,11923
610173,Jesse Sherwood Elementary School,ES,38.0,92.0%,12.9,ENGLEWOOD,68,41.7907728,-87.6322812,20,11923
609919,John Fiske Elementary School,ES,13.0,92.9%,4.0,WOODLAWN,42,41.78290934,-87.60259685,20,11923
610263,John Foster Dulles Elementary School,ES,42.0,94.1%,3.8,GREATER GRAND CROSSING,69,41.779797,-87.61717494,20,11923
609964,John H Hamline Elementary School,ES,33.0,94.4%,6.1,NEW CITY,61,41.80726347,-87.66113856,20,11923
610019,Joshua D Kershaw Elementary School,ES,62.0,94.8%,16.2,ENGLEWOOD,68,41.77647883,-87.64092929,20,11923
610264,Walter Reed Elementary School,ES,29.0,92.4%,9.9,ENGLEWOOD,68,41.77839545,-87.63515406,20,11923
610167,William H Seward Communication Arts Academy Elementary School,ES,40.0,95.7%,7.9,NEW CITY,61,41.81029632,-87.66880778,20,11923
609844,William W Carter Elementary School,ES,13.0,91.2%,5.5,WASHINGTON PARK,40,41.78984129,-87.62248974,20,11923
610212,Albany Park Multicultural Academy,MS,66.0,97.0%,15.6,ALBANY PARK,14,41.9711433,-87.70962725,39,3292
610209,Alessandro Volta Elementary School,ES,43.0,96.4%,14.2,ALBANY PARK,14,41.97160605,-87.72464139,39,3292
610182,Hannah G Solomon Elementary School,ES,78.0,95.8%,42.8,NORTH PARK,13,41.99397007,-87.72407991,39,3292
609972,Helge A Haugan Elementary School,ES,43.0,96.2%,10.2,ALBANY PARK,14,41.96403525,-87.72316496,39,3292
610111,John Palmer Elementary School,ES,75.0,96.3%,15.1,ALBANY PARK,14,41.97326374,-87.73917547,39,3292
610155,Sauganash Elementary School,ES,99.0,96.3%,34.5,FOREST GLEN,12,41.99117332,-87.74599137,39,3292
609794,Thomas A Edison Regional Gifted Center Elementary School,ES,91.0,96.6%,88.4,ALBANY PARK,14,41.9711433,-87.70962725,39,3292
610321,Thurgood Marshall Middle School,MS,39.0,94.0%,4.0,IRVING PARK,16,41.9520236,-87.72035833,39,3292
610342,Albert R Sabin Elementary Magnet School,ES,67.0,94.7%,12.8,WEST TOWN,24,41.90684338,-87.68304259,1,6654
610229,A.N. Pritzker School,ES,59.0,94.6%,34.5,WEST TOWN,24,41.907025,-87.67779555,1,6654
610076,Bernhard Moos Elementary School,ES,50.0,93.0%,7.5,WEST TOWN,24,41.9125311,-87.69690545,1,6654
609854,Frederic Chopin Elementary School,ES,86.0,96.9%,47.6,WEST TOWN,24,41.89674048,-87.68890154,1,6654
610031,Jean D Lafayette Elementary School,ES,44.0,94.1%,6.2,WEST TOWN,24,41.89940402,-87.69494543,1,6654
609942,Johann W von Goethe Elementary School,ES,75.0,95.8%,17.6,LOGAN SQUARE,22,41.9228282,-87.69293637,1,6654
609828,Jonathan Burr Elementary School,ES,71.0,95.9%,22.2,WEST TOWN,24,41.91233061,-87.66864691,1,6654
610313,Jose De Diego Elementary Community Academy,ES,57.0,95.0%,11.3,WEST TOWN,24,41.90531549,-87.68572005,1,6654
610520,LaSalle II Magnet Elementary School,ES,66.0,95.1%,38.0,WEST TOWN,24,41.90290876,-87.67373263,1,6654
610197,Mancel Talcott Elementary School,ES,63.0,95.8%,20.8,WEST TOWN,24,41.89243235,-87.67370499,1,6654
609853,Salmon P Chase Elementary School,ES,55.0,95.4%,11.0,LOGAN SQUARE,22,41.91801539,-87.69454144,1,6654
609799,Alexander Graham Bell Elementary School,ES,99.0,96.3%,57.9,NORTH CENTER,5,41.94952795,-87.68605496,47,3599
609852,Eliza Chappell Elementary School,ES,70.0,95.1%,17.6,LINCOLN SQUARE,4,41.975867,-87.68325438,47,3599
610070,James B McPherson Elementary School,ES,71.0,96.5%,15.9,LINCOLN SQUARE,4,41.96784758,-87.67632505,47,3599
609866,John C Coonley Elementary School,ES,87.0,95.9%,39.0,NORTH CENTER,5,41.95554905,-87.68380195,47,3599
609782,John J Audubon Elementary School,ES,95.0,96.2%,34.8,NORTH CENTER,5,41.94509808,-87.68107885,47,3599
610355,Mary E Courtenay Elementary Language Arts Center,ES,99.0,94.9%,28.6,LAKE VIEW,6,41.9580169,-87.6718933,47,3599
610141,Ravenswood Elementary School,ES,46.0,94.9%,13.7,LAKE VIEW,6,41.96074129,-87.67095905,47,3599
610220,Thomas J Waters Elementary School,ES,85.0,96.1%,28.5,LINCOLN SQUARE,4,41.96434835,-87.69136881,47,3599
609947,Alexander Graham Elementary School,ES,49.0,92.5%,11.1,NEW CITY,61,41.81329195,-87.64338051,11,4934
609996,Charles N Holden Elementary School,ES,53.0,94.9%,11.5,BRIDGEPORT,60,41.83805473,-87.65380002,11,4934
610319,Evergreen Academy Middle School,MS,60.0,96.1%,9.3,MCKINLEY PARK,59,41.829365,-87.66778007,11,4934
610062,George B McClellan Elementary School,ES,49.0,93.2%,21.3,BRIDGEPORT,60,41.82998962,-87.64106579,11,4934
610217,James Ward Elementary School,ES,49.0,97.8%,23.8,ARMOUR SQUARE,34,41.84395162,-87.63531815,11,4934
610081,Mark Sheridan Elementary Math & Science Academy,ES,74.0,96.8%,38.3,BRIDGEPORT,60,41.84437293,-87.64131399,11,4934
609777,Phillip D Armour Elementary School,ES,36.0,93.9%,8.7,BRIDGEPORT,60,41.8338821,-87.65061898,11,4934
609979,Robert Healy Elementary School,ES,63.0,96.6%,29.9,BRIDGEPORT,60,41.83957045,-87.64037683,11,4934
609963,Alexander Hamilton Elementary School,ES,73.0,95.3%,21.3,LAKE VIEW,6,41.94524725,-87.67085683,32,6000
609820,Augustus H Burley Elementary School,ES,99.0,96.5%,53.3,LAKE VIEW,6,41.93796493,-87.66985204,32,6000
609863,Christopher Columbus Elementary School,ES,66.0,95.5%,30.5,WEST TOWN,24,41.89958139,-87.68190167,32,6000
610010,Friedrich Ludwig Jahn Elementary School,ES,72.0,94.7%,15.2,NORTH CENTER,5,41.93924404,-87.67577282,32,6000
610059,Oscar F Mayer Elementary School,ES,67.0,95.0%,17.0,LINCOLN PARK,7,41.92317657,-87.65732331,32,6000
610138,Pulaski International Academy Elmentary School,ES,68.0,96.1%,19.4,LOGAN SQUARE,22,41.91851374,-87.68380061,32,6000
610029,Rodolfo Lozano Bilingual & International Center Elementary School,ES,55.0,94.8%,11.3,WEST TOWN,24,41.90891372,-87.66505758,32,6000
609896,Thomas Drummond Elementary School,ES,72.0,95.2%,34.0,LOGAN SQUARE,22,41.91588634,-87.67449563,32,6000
610136,William H Prescott Elementary School,ES,90.0,93.5%,8.9,LINCOLN PARK,7,41.92886824,-87.66955245,32,6000
610210,Alexander von Humboldt Elementary School,ES,31.0,92.5%,5.7,WEST TOWN,24,41.90672216,-87.69300325,26,6008
609780,Ames Middle School,MS,38.0,94.3%,3.0,LOGAN SQUARE,22,41.91605519,-87.72177945,26,6008
610320,Ana Roque de Duprey Elementary School,ES,57.0,95.4%,6.2,WEST TOWN,24,41.90672216,-87.69300325,26,6008
609875,Charles R Darwin Elementary School,ES,58.0,95.6%,6.9,LOGAN SQUARE,22,41.92334998,-87.70543099,26,6008
609835,Daniel R Cameron Elementary School,ES,42.0,92.6%,5.9,HUMBOLDT PARK,23,41.90378521,-87.71796315,26,6008
610073,Ellen Mitchell Elementary School,ES,99.0,95.5%,27.3,WEST TOWN,24,41.89205482,-87.68317867,26,6008
609930,Frederick Funston Elementary School,ES,16.0,94.7%,5.8,LOGAN SQUARE,22,41.91762127,-87.71692852,26,6008
610192,Harriet Beecher Stowe Elementary School,ES,28.0,93.8%,2.5,HUMBOLDT PARK,23,41.91196584,-87.7132855,26,6008
610044,James Russell Lowell Elementary School,ES,39.0,93.2%,8.2,HUMBOLDT PARK,23,41.90654684,-87.71023279,26,6008
609808,Alex Haley Elementary Academy,ES,28.0,94.9%,1.9,ROSELAND,49,41.68663682,-87.63359476,34,10235
610028,Alfred David Kohn Elementary School,ES,19.0,90.1%,5.6,ROSELAND,49,41.70485072,-87.62360199,34,10235
610188,Dunne Technology Academy,ES,46.0,94.6%,17.2,ROSELAND,49,41.69651565,-87.63993763,34,10235
610315,Edward White Elementary Career Academy,ES,27.0,93.8%,7.4,WEST PULLMAN,53,41.67233661,-87.65055321,34,10235
609917,Fernwood Elementary School,ES,29.0,93.4%,7.8,WASHINGTON HEIGHTS,73,41.71119799,-87.6403774,34,10235
610176,John D Shoop Math-Science Technical Academy Elementary School,ES,32.0,93.2%,8.3,MORGAN PARK,75,41.69093337,-87.65870614,34,10235
610199,Johnnie Colemon Elementary Academy,ES,60.0,95.9%,18.4,WEST PULLMAN,53,41.67747786,-87.65812011,34,10235
610225,John Whistler Elementary School,ES,45.0,92.4%,4.1,WEST PULLMAN,53,41.68391137,-87.65534733,34,10235
610368,Langston Hughes Elementary School,ES,28.0,90.0%,6.1,ROSELAND,49,41.70536999,-87.62985093,34,10235
610128,Marcus Moziah Garvey Elementary School,ES,50.0,94.0%,18.5,WASHINGTON HEIGHTS,73,41.7065956,-87.64754034,34,10235
610208,Mildred I Lavizzo Elementary School,ES,15.0,91.5%,4.6,ROSELAND,49,41.69628998,-87.62713349,34,10235
610086,Mount Vernon Elementary School,ES,31.0,93.3%,9.8,WASHINGTON HEIGHTS,73,41.70196704,-87.64768959,34,10235
610160,Songhai Elementary Learning Institute,ES,17.0,89.5%,3.6,WEST PULLMAN,53,41.68086831,-87.62505762,34,10235
610224,West Pullman Elementary School,ES,23.0,91.2%,5.7,WEST PULLMAN,53,41.67666008,-87.63570683,34,10235
610098,Alfred Nobel Elementary School,ES,37.0,94.6%,7.1,HUMBOLDT PARK,23,41.90612797,-87.72993324,37,9548
610106,Brian Piccolo Elementary Specialty School,ES,27.0,90.6%,1.6,HUMBOLDT PARK,23,41.9001461,-87.73129753,37,9548
610068,Hanson Park Elementary School,ES,35.0,95.0%,11.0,BELMONT CRAGIN,19,41.92392771,-87.76152094,37,9548
609975,John Hay Elementary Community Academy,ES,44.0,92.9%,10.0,AUSTIN,25,41.89918473,-87.75585034,37,9548
610000,Julia Ward Howe Elementary School of Excellence,ES,67.0,96.0%,9.3,AUSTIN,25,41.89362521,-87.75943557,37,9548
610036,Leslie Lewis Elementary School,ES,21.0,91.8%,5.0,AUSTIN,25,41.90682528,-87.75451319,37,9548
610051,Northwest Middle School,MS,34.0,93.4%,5.9,BELMONT CRAGIN,19,41.92053845,-87.75820003,37,9548
610282,Ronald E McNair Elementary School,ES,31.0,90.7%,5.6,AUSTIN,25,41.8978464,-87.74674645,37,9548
610100,West Park Elementary Academy,ES,29.0,93.7%,6.9,HUMBOLDT PARK,23,41.90691024,-87.73240646,37,9548
609788,Alice L Barnard Computer Math & Science Center Elementary School,ES,46.0,95.6%,15.7,BEVERLY,72,41.70514024,-87.65811642,19,2997
610084,Annie Keller Elementary Gifted Magnet School,ES,99.0,97.5%,92.3,MOUNT GREENWOOD,74,41.69719792,-87.6972638,19,2997
610195,Elizabeth H Sutherland Elementary School,ES,86.0,95.6%,35.7,BEVERLY,72,41.71142687,-87.67678398,19,2997
609908,Esmond Elementary School,ES,36.0,92.9%,7.7,MORGAN PARK,75,41.68939069,-87.66916143,19,2997
609849,George F Cassell Elementary School,ES,76.0,94.4%,24.5,MOUNT GREENWOOD,74,41.68733881,-87.70325179,19,2997
609861,Henry R Clissold Elementary School,ES,45.0,95.1%,26.7,MORGAN PARK,75,41.69305404,-87.6808619,19,2997
610207,John H Vanderpoel Elementary Magnet School,ES,74.0,97.2%,24.1,BEVERLY,72,41.72078152,-87.66558526,19,2997
610016,Kate S Kellogg Elementary School,ES,76.0,96.3%,30.9,BEVERLY,72,41.72525315,-87.67719555,19,2997
609725,Morgan Park High School,HS,40.0,84.2%,38.2,MORGAN PARK,75,41.69206041,-87.66564309,19,2997
610082,Mount Greenwood Elementary School,ES,84.0,96.0%,39.2,MOUNT GREENWOOD,74,41.69574845,-87.70577383,19,2997
610131,Ambrose Plamondon Elementary School,ES,45.0,96.9%,11.4,NORTH LAWNDALE,29,41.86028668,-87.69250468,28,15604
609881,Edward C Delano Elementary School,ES,38.0,93.4%,10.9,WEST GARFIELD PARK,26,41.87877166,-87.72464875,28,15604
610202,George W Tilton Elementary School,ES,6.0,91.4%,3.5,WEST GARFIELD PARK,26,41.88409703,-87.73052949,28,15604
610241,Guglielmo Marconi Elementary Community Academy,ES,26.0,91.5%,7.3,WEST GARFIELD PARK,26,41.88431659,-87.73936153,28,15604
609985,Helen M Hefferan Elementary School,ES,29.0,93.8%,19.2,WEST GARFIELD PARK,26,41.87863685,-87.73583687,28,15604
610092,Henry H Nash Elementary School,ES,41.0,95.1%,6.0,AUSTIN,25,41.89214724,-87.74720292,28,15604
610271,Jensen Elementary Scholastic Academy,ES,35.0,93.1%,11.7,EAST GARFIELD PARK,27,41.87384239,-87.70224149,28,15604
609907,Leif Ericson Elementary Scholastic Academy,ES,33.0,94.7%,7.7,EAST GARFIELD PARK,27,41.87576191,-87.71584573,28,15604
610365,Mary McLeod Bethune Elementary School,ES,53.0,93.3%,4.4,EAST GARFIELD PARK,27,41.87019518,-87.70216173,28,15604
610055,Michael Faraday Elementary School,ES,35.0,93.3%,7.0,EAST GARFIELD PARK,27,41.87974117,-87.70808199,28,15604
610348,Nathan R Goldblatt Elementary School,ES,49.0,92.9%,7.5,WEST GARFIELD PARK,26,41.87778081,-87.73273021,28,15604
610183,Spencer Technology Academy,ES,35.0,92.5%,11.0,AUSTIN,25,41.88488257,-87.75048169,28,15604
609851,Thomas Chalmers Specialty Elementary School,ES,34.0,94.4%,4.9,NORTH LAWNDALE,29,41.8664078,-87.69526079,28,15604
610316,Amelia Earhart Options for Knowledge Elementary School,ES,81.0,96.3%,26.4,CALUMET HEIGHTS,48,41.72613498,-87.58217727,8,9599
609786,Avalon Park Elementary School,ES,32.0,92.1%,5.1,AVALON PARK,45,41.74826636,-87.59161761,8,9599
609833,Charles P Caldwell Academy of Math & Science Elementary School,ES,25.0,92.7%,6.8,AVALON PARK,45,41.73922735,-87.58076569,8,9599
610124,Harold Washington Elementary School,ES,28.0,96.1%,13.1,BURNSIDE,47,41.72853492,-87.59629327,8,9599
610052,Horace Mann Elementary School,ES,28.0,92.6%,3.4,SOUTH CHICAGO,46,41.74830012,-87.57485274,8,9599
610218,Joseph Warren Elementary School,ES,33.0,95.0%,14.7,CALUMET HEIGHTS,48,41.72677474,-87.5753162,8,9599
610350,Robert A Black Magnet Elementary School,ES,68.0,96.0%,21.0,CALUMET HEIGHTS,48,41.72965645,-87.57660534,8,9599
610178,Theophilus Schmid Elementary School,ES,46.0,92.1%,6.7,PULLMAN,50,41.71701772,-87.59689622,8,9599
609978,Wendell Smith Elementary School,ES,22.0,92.1%,4.2,PULLMAN,50,41.70758462,-87.60468711,8,9599
610339,Amos Alonzo Stagg Elementary School,ES,23.0,91.4%,7.8,ENGLEWOOD,68,41.75892669,-87.6492534,17,12223
609941,Asa Philip Randolph Elementary School,ES,15.0,92.1%,4.5,WEST ENGLEWOOD,67,41.76059741,-87.67600175,17,12223
610238,Carrie Jacobs Bond Elementary School,ES,54.0,91.7%,5.6,ENGLEWOOD,68,41.76538639,-87.65305514,17,12223
610223,Daniel S Wentworth Elementary School,ES,30.0,91.6%,1.5,ENGLEWOOD,68,41.76728177,-87.64825544,17,12223
609971,John Harvard Elementary School of Excellence,ES,51.0,93.0%,7.7,GREATER GRAND CROSSING,69,41.75733472,-87.63270008,17,12223
609775,John P Altgeld Elementary School,ES,48.0,91.9%,20.9,WEST ENGLEWOOD,67,41.76510322,-87.6582125,17,12223
609791,Perkins Bass Elementary School,ES,28.0,92.1%,6.0,ENGLEWOOD,68,41.77427377,-87.65354234,17,12223
610102,Richard J Oglesby Elementary School,ES,44.0,94.4%,7.5,AUBURN GRESHAM,71,41.75469091,-87.64550666,17,12223
610283,Simon Guggenheim Elementary School,ES,30.0,90.9%,6.6,ENGLEWOOD,68,41.76391032,-87.64908807,17,12223
610060,Andrew Jackson Elementary Language Academy,ES,86.0,97.4%,62.7,NEAR WEST SIDE,28,41.87432724,-87.66097599,2,12666
610243,John Calhoun North Elementary School,ES,52.0,95.9%,14.4,EAST GARFIELD PARK,27,41.87822115,-87.69755292,2,12666
610180,John M Smyth Elementary School,ES,37.0,92.4%,3.2,NEAR WEST SIDE,28,41.86532347,-87.65347031,2,12666
609925,Joseph Kellman Corporate Community Elementary School,ES,58.0,95.2%,10.5,EAST GARFIELD PARK,27,41.87119309,-87.70078311,2,12666
609888,Mary Mapes Dodge Elementary Renaissance Academy,ES,57.0,94.4%,16.0,EAST GARFIELD PARK,27,41.88282068,-87.6930162,2,12666
610075,Moses Montefiore Special Elementary School,ES,28.0,80.4%,0.0,NEAR WEST SIDE,28,41.86471954,-87.66648084,2,12666
610395,Pershing West Middle School,MS,46.0,96.2%,21.4,DOUGLAS,35,41.83649005,-87.61837372,2,12666
610252,Robert Nathaniel Dett Elementary School,ES,48.0,94.4%,15.4,NEAR WEST SIDE,28,41.88401623,-87.68472465,2,12666
609990,South Loop Elementary School,ES,84.0,95.3%,48.8,NEAR SOUTH SIDE,33,41.86685634,-87.62865124,2,12666
609989,Victor Herbert Elementary School,ES,50.0,92.8%,10.3,NEAR WEST SIDE,28,41.87984242,-87.68031236,2,12666
609755,Whitney M Young Magnet High School,HS,95.0,94.6%,77.0,NEAR WEST SIDE,28,41.87859028,-87.66419634,2,12666
610251,Willa Cather Elementary School,ES,69.0,94.9%,20.9,EAST GARFIELD PARK,27,41.882977,-87.69922315,2,12666
610023,William H King Elementary School,ES,47.0,92.4%,8.4,NEAR WEST SIDE,28,41.87186209,-87.68875632,2,12666
609869,Anna R. Langford Community Academy,ES,31.0,91.8%,7.5,WEST ENGLEWOOD,67,41.78465652,-87.6572053,16,10513
610161,Arna Wendell Bontemps Elementary School,ES,33.0,94.2%,4.2,WEST ENGLEWOOD,67,41.78857298,-87.65634499,16,10513
610037,Arthur A Libby Elementary School,ES,36.0,90.8%,3.9,NEW CITY,61,41.79764784,-87.65996858,16,10513
610290,Benjamin E Mays Elementary Academy,ES,27.0,95.5%,9.6,ENGLEWOOD,68,41.77256081,-87.64612737,16,10513
610285,Granville T Woods Math & Science Academy Elementary School,ES,35.0,91.9%,6.5,WEST ENGLEWOOD,67,41.7811649,-87.65468845,16,10513
609793,Nicholson Technology Academy,ES,48.0,93.4%,8.9,ENGLEWOOD,68,41.7849277,-87.64748868,16,10513
609997,Oliver Wendell Holmes Elementary School,ES,21.0,87.0%,3.0,ENGLEWOOD,68,41.79376044,-87.64977785,16,10513
609842,Rachel Carson Elementary School,ES,38.0,97.6%,12.2,GAGE PARK,63,41.79325514,-87.68783576,16,10513
610239,Richard J Daley Elementary Academy,ES,29.0,94.9%,5.3,NEW CITY,61,41.80234381,-87.67224309,16,10513
609929,Robert Fulton Elementary School,ES,46.0,95.1%,1.1,NEW CITY,61,41.79754288,-87.66847093,16,10513
610172,William T Sherman Elementary School,ES,32.0,92.3%,1.7,NEW CITY,61,41.79978772,-87.65025483,16,10513
610277,Anthony Overton Elementary School,ES,32.0,90.5%,4.3,GRAND BOULEVARD,38,41.80557578,-87.62012252,3,9302
610345,Carter G Woodson South Elementary School,ES,26.0,91.9%,2.4,GRAND BOULEVARD,38,41.81447955,-87.60845505,3,9302
609781,Crispus Attucks Elementary School,ES,45.0,95.2%,10.0,GRAND BOULEVARD,38,41.80214349,-87.6257474,3,9302
610380,Daniel Hale Williams Prep School of Medicine,HS,50.0,91.3%,8.5,GRAND BOULEVARD,38,41.80456384,-87.62448408,3,9302
609885,Dewey Elementary Academy of Fine Arts,ES,41.0,90.7%,0.5,NEW CITY,61,41.7956493,-87.642615,3,9302
609819,Edmond Burke Elementary School,ES,1.0,89.3%,4.3,WASHINGTON PARK,40,41.79679285,-87.61617809,3,9302
610246,Edward Beasley Elementary Magnet Academic Center,ES,47.0,95.0%,21.3,WASHINGTON PARK,40,41.79847228,-87.62565509,3,9302
610114,Francis Parkman Elementary School,ES,38.0,90.6%,3.1,FULLER PARK,37,41.80169919,-87.63297392,3,9302
610110,Ida B Wells Preparatory Elementary Academy,ES,49.0,93.2%,10.1,DOUGLAS,35,41.82390751,-87.61978794,3,9302
610276,Irvin C Mollison Elementary School,ES,44.0,91.1%,4.3,GRAND BOULEVARD,38,41.81434006,-87.61658079,3,9302
610237,Ludwig Van Beethoven Elementary School,ES,40.0,93.7%,4.0,GRAND BOULEVARD,38,41.80910779,-87.62711401,3,9302
610231,National Teachers Elementary Academy,ES,67.0,94.7%,12.7,NEAR SOUTH SIDE,33,41.85277255,-87.62928114,3,9302
609987,Thomas A Hendricks Elementary Community Academy,ES,33.0,91.2%,1.0,FULLER PARK,37,41.81579314,-87.63370133,3,9302
610061,William J & Charles H Mayo Elementary School,ES,52.0,95.3%,6.0,DOUGLAS,35,41.82732778,-87.61978251,3,9302
610336,Williams Preparatory Academy Middle School,MS,49.0,93.3%,15.5,DOUGLAS,35,41.84403809,-87.62859008,3,9302
610171,Arnold Mireles Elementary Academy,ES,27.0,92.8%,5.4,SOUTH CHICAGO,46,41.73168217,-87.55282373,10,6557
610198,Douglas Taylor Elementary School,ES,34.0,95.1%,9.9,EAST SIDE,52,41.71544589,-87.5330074,10,6557
610219,George Washington Elementary School,ES,58.0,95.5%,24.7,EAST SIDE,52,41.68810403,-87.53600985,10,6557
609856,Henry Clay Elementary School,ES,38.0,95.2%,12.3,HEGEWISCH,55,41.65455937,-87.544577,10,6557
610200,James N Thorp Elementary School,ES,32.0,91.8%,3.6,SOUTH CHICAGO,46,41.73331035,-87.54451462,10,6557
609772,Jane Addams Elementary School,ES,56.0,96.0%,15.9,EAST SIDE,52,41.69871497,-87.53301251,10,6557
610054,John L Marsh Elementary School,ES,72.0,95.7%,14.5,SOUTH DEERING,51,41.71657908,-87.55251993,10,6557
609935,Matthew Gallistel Elementary Language Academy,ES,49.0,95.1%,12.9,EAST SIDE,52,41.70682232,-87.53513861,10,6557
609961,Ninos Heroes Elementary Academic Center,ES,36.0,93.9%,9.4,SOUTH CHICAGO,46,41.74374969,-87.55189813,10,6557
609811,Orville T Bright Elementary School,ES,18.0,92.2%,5.9,SOUTH DEERING,51,41.69973969,-87.56212104,10,6557
609944,Virgil Grissom Elementary School,ES,62.0,95.5%,17.7,HEGEWISCH,55,41.66245712,-87.55334334,10,6557
610193,William K New Sullivan Elementary School,ES,27.0,90.3%,5.8,SOUTH CHICAGO,46,41.7438302,-87.542891,10,6557
609887,Arthur Dixon Elementary School,ES,47.0,94.8%,15.7,CHATHAM,44,41.74365776,-87.61001515,6,11573
610265,Benjamin Banneker Elementary School,ES,36.0,91.3%,1.5,ENGLEWOOD,68,41.77275433,-87.63729464,6,11573
609827,Burnside Elementary Scholastic Academy,ES,51.0,94.9%,14.3,CHATHAM,44,41.72850759,-87.60747108,6,11573
609883,Charles S Deneen Elementary School,ES,55.0,93.8%,6.8,GREATER GRAND CROSSING,69,41.76250359,-87.62338156,6,11573
610233,Elihu Yale Elementary School,ES,29.0,89.7%,3.2,GREATER GRAND CROSSING,69,41.76644232,-87.63209571,6,11573
610112,Francis W Parker Elementary Community Academy,ES,30.0,91.9%,6.5,ENGLEWOOD,68,41.77079606,-87.6353099,6,11573
609939,Frank L Gillespie Elementary School,ES,27.0,91.9%,5.6,ROSELAND,49,41.72529635,-87.62368165,6,11573
610279,Henry O Tanner Elementary School,ES,33.0,91.8%,4.6,GREATER GRAND CROSSING,69,41.76069854,-87.60682834,6,11573
610066,James E McDade Elementary Classical School,ES,99.0,96.2%,74.1,CHATHAM,44,41.73451387,-87.61917677,6,11573
610093,Jane A Neil Elementary School,ES,42.0,88.9%,7.1,CHATHAM,44,41.7384386,-87.62089767,6,11573
610130,John T Pirie Fine Arts & Academic Center Elementary School,ES,26.0,93.5%,20.9,CHATHAM,44,41.74036711,-87.60792289,6,11573
610152,Martha Ruggles Elementary School,ES,43.0,93.9%,5.5,GREATER GRAND CROSSING,69,41.75194729,-87.61802983,6,11573
610115,Park Manor Elementary School,ES,28.0,94.9%,5.7,GREATER GRAND CROSSING,69,41.76648584,-87.61150917,6,11573
610299,William A Hinton Elementary School,ES,18.0,91.7%,3.8,ENGLEWOOD,68,41.76536255,-87.6413274,6,11573
609836,Arthur E Canty Elementary School,ES,87.0,96.1%,34.2,DUNNING,17,41.94799245,-87.8293319,36,3676
610158,Harriet E Sayre Elementary Language Academy,ES,68.0,96.2%,17.3,AUSTIN,25,41.9141236,-87.79875667,36,3676
610041,Josephine C Locke Elementary School,ES,57.0,95.5%,15.6,MONTCLARE,18,41.93176301,-87.79564085,36,3676
609884,William E Dever Elementary School,ES,67.0,95.5%,27.9,DUNNING,17,41.94254335,-87.813168,36,3676
610287,Ashburn Community Elementary School,ES,48.0,95.5%,9.5,ASHBURN,70,41.74233179,-87.70964592,18,6218
609839,Carroll-Rosenwald Specialty Elementary School,ES,35.0,94.8%,9.1,ASHBURN,70,41.74248931,-87.696003,18,6218
609879,Charles Gates Dawes Elementary School,ES,44.0,95.7%,13.6,ASHBURN,70,41.74510467,-87.71738613,18,6218
609790,Clara Barton Elementary School,ES,25.0,91.7%,5.7,AUBURN GRESHAM,71,41.75421962,-87.67096453,18,6218
610352,Durkin Park Elementary School,ES,61.0,95.4%,16.3,ASHBURN,70,41.73886352,-87.72991927,18,6218
609927,Foster Park Elementary School,ES,11.0,93.7%,5.7,AUBURN GRESHAM,71,41.7384262,-87.66813597,18,6218
610067,Francis M McKay Elementary School,ES,23.0,93.5%,5.7,CHICAGO LAWN,66,41.76810662,-87.69174944,18,6218
609807,Lionel Hampton Fine & Performing Arts Elementary School,ES,42.0,95.0%,9.4,ASHBURN,70,41.75348432,-87.70875287,18,6218
609805,Scott Joplin Elementary School,ES,35.0,95.0%,12.2,AUBURN GRESHAM,71,41.74934082,-87.66932903,18,6218
610396,Tarkington School of Excellence Elementary School,ES,48.0,95.9%,9.7,CHICAGO LAWN,66,41.76443483,-87.70642093,18,6218
610109,William Bishop Owen Scholastic Academy Elementary School,ES,49.0,96.9%,29.0,ASHBURN,70,41.74287191,-87.70571301,18,6218
609922,Belmont-Cragin Elementary School,ES,75.0,95.3%,11.0,BELMONT CRAGIN,19,41.92559567,-87.76984337,30,5015
610541,Federico Garcia Lorca Elementary School,ES,53.0,96.8%,7.5,AVONDALE,21,41.94001885,-87.72474354,30,5015
610159,Jonathan Y Scammon Elementary School,ES,44.0,95.9%,11.9,IRVING PARK,16,41.94164944,-87.73222901,30,5015
610539,Marvin Camras Elementary School,ES,54.0,95.1%,12.0,BELMONT CRAGIN,19,41.93496641,-87.77016525,30,5015
610097,William P Nixon Elementary School,ES,52.0,95.6%,9.6,HERMOSA,20,41.91959342,-87.73138368,30,5015
610175,Beulah Shoesmith Elementary School,ES,45.0,94.7%,19.6,KENWOOD,39,41.80432122,-87.59392226,4,6021
610030,Charles Kozminski Elementary Community Academy,ES,36.0,92.0%,6.1,HYDE PARK,41,41.7980295,-87.60246287,4,6021
610258,Florence B Price Elementary School,ES,20.0,90.0%,0.7,KENWOOD,39,41.81534262,-87.6038735,4,6021
609891,James R Doolittle Jr Elementary School,ES,30.0,91.4%,1.1,DOUGLAS,35,41.8310921,-87.61291629,4,6021
609894,John B Drake Elementary School,ES,59.0,93.8%,9.5,DOUGLAS,35,41.84379445,-87.61776768,4,6021
609746,Kenwood Academy High School,HS,63.0,88.4%,31.0,KENWOOD,39,41.80375479,-87.59038395,4,6021
609928,Melville W Fuller Elementary School,ES,22.0,91.8%,1.4,GRAND BOULEVARD,38,41.8180061,-87.61182077,4,6021
610018,Miriam G Canter Middle School,MS,57.0,91.4%,7.8,KENWOOD,39,41.80434474,-87.59039494,4,6021
610090,Phillip Murray Elementary Language Academy,ES,66.0,95.6%,36.0,HYDE PARK,41,41.79852501,-87.59330352,4,6021
610143,William C Reavis Math & Science Specialty Elementary School,ES,48.0,93.5%,10.1,KENWOOD,39,41.80420101,-87.6049443,4,6021
609969,Bret Harte Elementary School,ES,63.0,94.2%,21.9,HYDE PARK,41,41.7934746,-87.58686328,5,8642
610266,Dumas Technology Academy,ES,19.0,92.5%,5.8,WOODLAWN,42,41.77350389,-87.60105531,5,8642
609815,Edward A Bouchet Math & Science Academy Elementary School,ES,33.0,92.9%,7.6,SOUTH SHORE,43,41.76086093,-87.57603849,5,8642
609916,Enrico Fermi Elementary School,ES,30.0,89.9%,2.6,SOUTH SHORE,43,41.76772772,-87.59039017,5,8642
610103,Isabelle C O'Keeffe Elementary School,ES,17.0,92.1%,6.7,SOUTH SHORE,43,41.76861557,-87.57284299,5,8642
610047,James Madison Elementary School,ES,39.0,94.9%,5.1,SOUTH SHORE,43,41.75955224,-87.59067582,5,8642
610146,Paul Revere Elementary School,ES,36.0,92.4%,3.4,GREATER GRAND CROSSING,69,41.76422335,-87.60017165,5,8642
610142,William H Ray Elementary School,ES,69.0,95.1%,35.2,HYDE PARK,41,41.79234967,-87.59471544,5,8642
609977,Woodlawn Community Elementary School,ES,70.0,93.9%,22.2,WOODLAWN,42,41.77339962,-87.59435584,5,8642
610317,Brighton Park Elementary School,ES,55.0,96.3%,11.4,BRIGHTON PARK,58,41.82391375,-87.69204069,12,4374
610353,Calmeca Academy of Fine Arts and Dual Language,ES,58.0,96.5%,10.3,BRIGHTON PARK,58,41.82440547,-87.71160875,12,4374
609966,Charles G Hammond Elementary School,ES,40.0,95.3%,5.8,SOUTH LAWNDALE,30,41.85269133,-87.69627777,12,4374
610174,James Shields Elementary School,ES,38.0,97.0%,12.7,BRIGHTON PARK,58,41.81593528,-87.68968453,12,4374
609829,John C Burroughs Elementary School,ES,50.0,95.6%,16.0,BRIGHTON PARK,58,41.8288631,-87.69249318,12,4374
610184,John Spry Elementary Community School,ES,66.0,96.2%,7.3,SOUTH LAWNDALE,30,41.84815451,-87.69912725,12,4374
610017,Maria Saucedo Elementary Scholastic Academy,ES,60.0,96.8%,16.0,SOUTH LAWNDALE,30,41.84796859,-87.69728712,12,4374
609921,Telpochcalli Elementary School,ES,42.0,95.4%,7.3,SOUTH LAWNDALE,30,41.84797834,-87.6966316,12,4374
610039,Carl von Linne Elementary School,ES,68.0,95.8%,15.1,AVONDALE,21,41.94001885,-87.70259825,33,3659
609857,Grover Cleveland Elementary School,ES,64.0,95.0%,15.8,IRVING PARK,16,41.9520147,-87.70642927,33,3659
609792,Newton Bateman Elementary School,ES,55.0,96.2%,16.1,IRVING PARK,16,41.95823045,-87.70218806,33,3659
610354,North River Elementary School,ES,67.0,95.6%,13.7,ALBANY PARK,14,41.96173669,-87.70718808,33,3659
609988,Patrick Henry Elementary School,ES,45.0,95.1%,12.3,IRVING PARK,16,41.95896179,-87.71566829,33,3659
610005,Charles Evans Hughes Elementary School,ES,42.0,94.4%,4.7,NORTH LAWNDALE,29,41.86049033,-87.73177486,24,13257
610194,Charles Sumner  Math & Science Community Acad Elementary School,ES,41.0,93.9%,9.7,WEST GARFIELD PARK,26,41.87084922,-87.73355414,24,13257
609873,Crown Community Academy of Fine Arts Center Elementary School,ES,27.0,92.5%,8.8,NORTH LAWNDALE,29,41.85266155,-87.7125068,24,13257
610221,Daniel Webster Elementary School,ES,48.0,94.8%,21.0,WEST GARFIELD PARK,26,41.86988904,-87.72748159,24,13257
610254,Dvorak Technology Academy,ES,46.0,94.2%,10.4,NORTH LAWNDALE,29,41.85885599,-87.71574626,24,13257
610503,Frazier Prospective IB Magnet Elementary School,ES,60.0,96.8%,25.4,NORTH LAWNDALE,29,41.86695871,-87.72631742,24,13257
610293,Genevieve Melody Elementary School,ES,61.0,92.1%,6.3,WEST GARFIELD PARK,26,41.87474954,-87.73051772,24,13257
609920,Gerald Delgado Kanoon Elementary Magnet School,ES,44.0,95.9%,6.6,SOUTH LAWNDALE,30,41.85077575,-87.70507547,24,13257
610274,James Weldon Johnson Elementary School,ES,67.0,94.7%,5.0,NORTH LAWNDALE,29,41.86183983,-87.7031756,24,13257
609954,John Milton Gregory Elementary School,ES,44.0,95.2%,19.5,EAST GARFIELD PARK,27,41.87071468,-87.71867323,24,13257
610253,Julia C Lathrop Elementary School,ES,67.0,90.5%,4.0,NORTH LAWNDALE,29,41.86119482,-87.7093241,24,13257
610240,Matthew A Henson Elementary School,ES,37.0,90.9%,1.7,NORTH LAWNDALE,29,41.86356038,-87.72158636,24,13257
610134,Nathaniel Pope Elementary School,ES,48.0,91.6%,6.8,NORTH LAWNDALE,29,41.85570712,-87.70299144,24,13257
610056,Roswell B Mason Elementary School,ES,37.0,92.4%,5.8,NORTH LAWNDALE,29,41.85685194,-87.73049117,24,13257
609991,Theodore Herzl Elementary School,ES,41.0,90.8%,3.8,NORTH LAWNDALE,29,41.86225473,-87.71825927,24,13257
610123,William Penn Elementary School,ES,78.0,91.8%,5.5,NORTH LAWNDALE,29,41.85836995,-87.72133609,24,13257
610366,Charles H Wacker Elementary School,ES,32.0,93.4%,15.9,WASHINGTON HEIGHTS,73,41.7162148,-87.6480814,21,10434
609924,Fort Dearborn Elementary School,ES,34.0,93.4%,14.1,WASHINGTON HEIGHTS,73,41.72966698,-87.65544435,21,10434
610072,Garrett A Morgan Elementary School,ES,28.0,92.0%,3.2,AUBURN GRESHAM,71,41.74124549,-87.64007166,21,10434
610298,Lenart Elementary Regional Gifted Center,ES,79.0,97.4%,86.4,CHATHAM,44,41.74715024,-87.62800231,21,10434
610369,Mahalia Jackson Elementary School,ES,38.0,92.5%,9.2,AUBURN GRESHAM,71,41.73409818,-87.64675679,21,10434
610362,Medgar Evers Elementary School,ES,27.0,94.9%,14.8,WASHINGTON HEIGHTS,73,41.7156643,-87.63926881,21,10434
610300,Oliver S Westcott Elementary School,ES,30.0,92.6%,6.0,CHATHAM,44,41.74884018,-87.63478949,21,10434
610003,Paul Cuffe Math-Science Technology Academy Elementary School,ES,51.0,93.6%,15.6,AUBURN GRESHAM,71,41.74244489,-87.65366994,21,10434
610027,Rudyard Kipling Elementary School,ES,52.0,94.7%,21.2,WASHINGTON HEIGHTS,73,41.72365391,-87.63948475,21,10434
609895,Turner-Drew Elementary Language Academy,ES,56.0,95.8%,23.2,ROSELAND,49,41.72560849,-87.6302048,21,10434
609955,Walter Q Gresham Elementary School,ES,25.0,95.5%,7.4,AUBURN GRESHAM,71,41.73891334,-87.64506169,21,10434
610032,Wendell E Green Elementary School,ES,32.0,93.9%,15.7,WASHINGTON HEIGHTS,73,41.71931953,-87.65248591,21,10434
610153,William H Ryder Math & Science Specialty Elementary School,ES,34.0,93.0%,5.6,AUBURN GRESHAM,71,41.73536767,-87.63887904,21,10434
609986,Charles R Henderson Elementary School,ES,16.0,89.2%,2.6,WEST ENGLEWOOD,67,41.79061716,-87.67192466,15,10934
609897,Charles W Earle Elementary School,ES,24.0,93.8%,5.6,WEST ENGLEWOOD,67,41.78230211,-87.66777712,15,10934
610347,Claremont Academy Elementary School,ES,36.0,92.5%,8.1,CHICAGO LAWN,66,41.77753754,-87.68108634,15,10934
610077,Donald Morrill Math & Science Elementary School,ES,28.0,93.4%,5.7,CHICAGO LAWN,66,41.78428993,-87.68851192,15,10934
609913,Elaine O Goodlow Elementary Magnet School,ES,44.0,91.6%,8.6,WEST ENGLEWOOD,67,41.78125258,-87.67555599,15,10934
610057,Fairfield Elementary Academy,ES,31.0,93.4%,4.3,CHICAGO LAWN,66,41.78086789,-87.69207758,15,10934
609898,John F Eberhart Elementary School,ES,42.0,95.3%,9.6,CHICAGO LAWN,66,41.7744471,-87.70800189,15,10934
610108,Luke O'Toole Elementary School,ES,5.0,89.2%,4.6,WEST ENGLEWOOD,67,41.77418952,-87.67513395,15,10934
610053,Marquette Elementary School,ES,15.0,93.1%,4.6,CHICAGO LAWN,66,41.77390682,-87.6970673,15,10934
610391,Robert Lindblom Math & Science Academy High School,HS,66.0,92.7%,37.6,WEST ENGLEWOOD,67,41.7820428,-87.67169858,15,10934
610521,Sir Miles Davis Magnet Elementary Academy,ES,35.0,93.0%,3.2,WEST ENGLEWOOD,67,41.77122181,-87.66656657,15,10934
610248,Chicago Academy Elementary School,ES,66.0,96.3%,30.3,DUNNING,17,41.94215439,-87.77650575,38,3825
609798,Hiram H Belding Elementary School,ES,64.0,95.0%,21.4,IRVING PARK,16,41.95890499,-87.73398223,38,3825
609810,Norman A Bridge Elementary School,ES,67.0,95.6%,18.9,DUNNING,17,41.94915063,-87.79870722,38,3825
610201,Ole A Thorp Elementary Scholastic Academy,ES,70.0,96.4%,38.7,DUNNING,17,41.94859865,-87.77764028,38,3825
610145,Peter A Reinberg Elementary School,ES,60.0,95.8%,14.7,PORTAGE PARK,15,41.94300407,-87.76894541,38,3825
610135,Portage Park Elementary School,ES,62.0,94.2%,21.1,PORTAGE PARK,15,41.9570151,-87.76100593,38,3825
610179,Washington D Smyser Elementary School,ES,55.0,95.5%,27.5,PORTAGE PARK,15,41.95889037,-87.78201198,38,3825
609949,William P Gray Elementary School,ES,57.0,95.6%,19.4,PORTAGE PARK,15,41.94878107,-87.75715297,38,3825
609899,Christian Ebinger Elementary School,ES,78.0,95.9%,40.2,EDISON PARK,9,42.00443557,-87.81116435,41,3598
609901,Edgebrook Elementary School,ES,99.0,96.9%,56.8,FOREST GLEN,12,41.99946016,-87.7618211,41,3598
610523,Edison Park Elementary School,ES,95.0,96.1%,32.6,NORWOOD PARK,10,41.99422812,-87.81380814,41,3598
609874,Everett McKinley Dirksen Elementary School,ES,44.0,95.9%,25.5,OHARE,76,41.97368728,-87.84105162,41,3598
609937,John W Garvy Elementary School,ES,60.0,95.3%,33.5,NORWOOD PARK,10,41.97635262,-87.79619832,41,3598
610099,Norwood Park Elementary School,ES,99.0,95.5%,39.0,NORWOOD PARK,10,41.98818136,-87.80299207,41,3598
610105,Oriole Park Elementary School,ES,99.0,96.5%,54.7,NORWOOD PARK,10,41.97851501,-87.81209057,41,3598
610230,Wildwood Elementary School,ES,99.0,96.2%,33.2,FOREST GLEN,12,42.00747007,-87.77837089,41,3598
609734,William Howard Taft High School,HS,61.0,89.1%,50.6,NORWOOD PARK,10,41.98298852,-87.7915383,41,3598
610104,William J Onahan Elementary School,ES,64.0,95.7%,29.6,NORWOOD PARK,10,41.99381787,-87.79308113,41,3598
610170,Columbia Explorers Elementary Academy,ES,59.0,95.4%,13.8,BRIGHTON PARK,58,41.81105689,-87.70423481,14,5384
610096,Florence Nightingale Elementary School,ES,35.0,95.6%,8.2,GAGE PARK,63,41.79774019,-87.68917624,14,5384
609958,Frank W Gunsaulus Elementary Scholastic Academy,ES,46.0,96.6%,18.1,BRIGHTON PARK,58,41.81299531,-87.69940042,14,5384
610532,Irene C. Hernandez Middle School for the Advancement of Science,MS,34.0,95.5%,9.2,GAGE PARK,63,41.79350627,-87.71139803,14,5384
609876,Nathan S Davis Elementary School,ES,43.0,95.1%,9.2,BRIGHTON PARK,58,41.8218786,-87.70022859,14,5384
609903,Richard Edwards Elementary School,ES,48.0,95.3%,11.4,ARCHER HEIGHTS,57,41.80552325,-87.72581893,14,5384
610157,Sidney Sawyer Elementary School,ES,57.0,96.8%,12.7,GAGE PARK,63,41.79752155,-87.70504311,14,5384
610249,Talman Elementary School,ES,99.0,96.2%,16.5,GAGE PARK,63,41.79407382,-87.6902983,14,5384
610004,Countee Cullen Elementary School,ES,14.0,94.1%,8.1,ROSELAND,49,41.70036107,-87.61128176,9,8993
610132,Edgar Allan Poe Elementary Classical School,ES,99.0,97.6%,79.6,PULLMAN,50,41.70261965,-87.60645552,9,8993
609800,Frank I Bennett Elementary School,ES,46.0,92.5%,8.4,ROSELAND,49,41.71041656,-87.61735342,9,8993
610139,George M Pullman Elementary School,ES,59.0,93.5%,17.8,PULLMAN,50,41.68879566,-87.60939383,9,8993
609845,George Washington Carver Primary School,ES,25.0,90.9%,8.0,RIVERDALE,54,41.65367428,-87.59952683,9,8993
609900,George W Curtis Elementary School,ES,23.0,93.8%,3.8,ROSELAND,49,41.68544575,-87.62166148,9,8993
609848,Ira F Aldridge Elementary School,ES,39.0,92.9%,7.2,RIVERDALE,54,41.65743243,-87.60649623,9,8993
610091,Ronald Brown Elementary Community Academy,ES,31.0,93.8%,12.5,WEST PULLMAN,53,41.66484509,-87.63892027,9,8993
609943,Samuel Gompers Fine Arts Options Elementary School,ES,34.0,93.6%,8.5,WEST PULLMAN,53,41.67058298,-87.62258098,9,8993
610364,William E B Dubois Elementary School,ES,47.0,93.3%,5.0,RIVERDALE,54,41.65376037,-87.61434156,9,8993
609804,Daniel Boone Elementary School,ES,52.0,95.5%,17.6,WEST RIDGE,2,42.00343519,-87.69750011,50,3595
609859,DeWitt Clinton Elementary School,ES,47.0,95.3%,21.8,WEST RIDGE,2,41.99256421,-87.69839748,50,3595
609779,George Armstrong International Studies Elementary School,ES,59.0,96.3%,19.5,WEST RIDGE,2,42.01017628,-87.68446868,50,3595
610147,Philip Rogers Elementary School,ES,81.0,96.4%,28.3,WEST RIDGE,2,42.01526618,-87.69714858,50,3595
609880,Stephen Decatur Classical Elementary School,ES,99.0,96.2%,93.6,WEST RIDGE,2,42.00930696,-87.70465502,50,3595
610191,Stone Elementary Scholastic Academy,ES,78.0,96.4%,44.7,WEST RIDGE,2,41.99536777,-87.68475636,50,3595
610542,West Ridge Elementary School,ES,67.0,94.9%,13.0,WEST RIDGE,2,42.00299575,-87.70595357,50,3595
609870,Daniel J Corkery Elementary School,ES,39.0,94.7%,8.2,SOUTH LAWNDALE,30,41.84559878,-87.73122946,22,4238
610227,Eli Whitney Elementary School,ES,44.0,95.8%,9.4,SOUTH LAWNDALE,30,41.84006197,-87.7255084,22,4238
609973,Emiliano Zapata Elementary Academy,ES,60.0,96.6%,13.7,SOUTH LAWNDALE,30,41.84139181,-87.73434997,22,4238
610215,Francisco I Madero Middle School,MS,49.0,95.1%,4.9,SOUTH LAWNDALE,30,41.84098398,-87.70508585,22,4238
610273,Ignance Paderewski Elementary Learning Academy,ES,31.0,92.1%,2.0,SOUTH LAWNDALE,30,41.85094816,-87.71726618,22,4238
609938,Joseph E Gary Elementary School,ES,32.0,96.1%,7.6,SOUTH LAWNDALE,30,41.83709246,-87.71870452,22,4238
609834,Little Village Elementary School,ES,45.0,96.7%,11.4,SOUTH LAWNDALE,30,41.84368588,-87.71735516,22,4238
609826,Rosario Castellanos Elementary School,ES,36.0,96.3%,6.2,SOUTH LAWNDALE,30,41.84544296,-87.71496352,22,4238
610012,Edward Jenner Elementary Academy of the Arts,ES,50.0,88.9%,1.3,NEAR NORTH SIDE,8,41.90205805,-87.64101894,27,11588
610119,Elizabeth Peabody Elementary School,ES,51.0,95.2%,5.9,WEST TOWN,24,41.89986912,-87.66419014,27,11588
610048,George Manierre Elementary School,ES,43.0,91.0%,4.7,NEAR NORTH SIDE,8,41.90825367,-87.63986347,27,11588
609797,Jacob Beidler Elementary School,ES,63.0,95.4%,5.1,EAST GARFIELD PARK,27,41.88529401,-87.70581859,27,11588
610107,James Otis Elementary School,ES,83.0,95.5%,11.1,WEST TOWN,24,41.89179703,-87.66538928,27,11588
610177,Mark Skinner Elementary School,ES,87.0,97.1%,73.0,NEAR WEST SIDE,28,41.87913069,-87.65937102,27,11588
610154,Martin A Ryerson Elementary School,ES,40.0,95.5%,17.1,HUMBOLDT PARK,23,41.89321142,-87.71883334,27,11588
610257,Morton School of Excellence,ES,53.0,93.6%,8.4,HUMBOLDT PARK,23,41.88928666,-87.7049885,27,11588
610085,Near North Elementary School,ES,50.0,80.2%,0.0,WEST TOWN,24,41.89551132,-87.66123981,27,11588
610529,Ogden International High School,HS,56.0,94.2%,38.9,WEST TOWN,24,41.8935757,-87.65936676,27,11588
609812,William H Brown Elementary School,ES,36.0,92.8%,3.2,NEAR WEST SIDE,28,41.88298698,-87.67071879,27,11588
609904,Edward K Ellington Elementary School,ES,30.0,93.3%,8.0,AUSTIN,25,41.885506,-87.76655157,29,8924
610235,Ella Flagg Young Elementary School,ES,31.0,94.3%,8.0,AUSTIN,25,41.90678358,-87.76717934,29,8924
610020,Francis Scott Key Elementary School,ES,37.0,91.9%,5.9,AUSTIN,25,41.88983589,-87.76633519,29,8924
609795,George Rogers Clark Elementary School,ES,39.0,93.9%,15.3,AUSTIN,25,41.8678323,-87.77038158,29,8924
610058,Horatio May Elementary Community Academy,ES,42.0,91.9%,5.6,AUSTIN,25,41.87358321,-87.74931216,29,8924
610043,Joseph Lovett Elementary School,ES,43.0,95.4%,8.3,AUSTIN,25,41.91269042,-87.78393402,29,8924
610156,Louis Armstrong Math & Science Elementary School,ES,42.0,92.6%,7.8,AUSTIN,25,41.87378243,-87.75920297,29,8924
609818,Luther Burbank Elementary School,ES,37.0,95.2%,11.3,BELMONT CRAGIN,19,41.91759334,-87.78266267,29,8924
610046,Mary Lyon Elementary School,ES,55.0,95.9%,23.7,BELMONT CRAGIN,19,41.93417898,-87.77713699,29,8924
609830,Milton Brunson Math & Science Specialty Elementary School ,ES,30.0,91.3%,5.4,AUSTIN,25,41.89767761,-87.76564297,29,8924
610367,Oscar DePriest Elementary School,ES,35.0,92.7%,9.8,AUSTIN,25,41.87799914,-87.7662615,29,8924
609906,Robert Emmet Elementary School,ES,37.0,89.8%,13.3,AUSTIN,25,41.88037642,-87.76327497,29,8924
610137,Ernst Prussing Elementary School,ES,71.0,95.4%,24.5,PORTAGE PARK,15,41.96561054,-87.77245066,45,3423
609912,James B Farnsworth Elementary School,ES,55.0,94.2%,25.6,JEFFERSON PARK,11,41.9798092,-87.76610809,45,3423
609796,Jean Baptiste Beaubien Elementary School,ES,63.0,95.7%,41.8,JEFFERSON PARK,11,41.97237914,-87.75752776,45,3423
609995,Rufus M Hitch Elementary School,ES,64.0,95.1%,24.7,NORWOOD PARK,10,41.98367756,-87.77908614,45,3423
609918,Eugene Field Elementary School,ES,42.0,96.8%,7.9,ROGERS PARK,1,42.00966462,-87.66994862,49,4750
609865,Jordan Elementary Community School,ES,61.0,95.6%,7.1,ROGERS PARK,1,42.01709536,-87.67779928,49,4750
609933,Stephen F Gale Elementary Community Academy,ES,39.0,92.1%,6.9,ROGERS PARK,1,42.02106425,-87.67196481,49,4750
610144,Frank W Reilly Elementary School,ES,48.0,97.0%,9.8,AVONDALE,21,41.94112155,-87.71953058,35,4604
610074,James Monroe Elementary School,ES,45.0,95.1%,11.6,LOGAN SQUARE,22,41.92996135,-87.71921246,35,4604
610089,John B Murphy Elementary School,ES,80.0,95.6%,20.7,IRVING PARK,16,41.95005034,-87.71682949,35,4604
610325,Logandale Middle School,MS,56.0,95.1%,7.8,AVONDALE,21,41.9339976,-87.70804359,35,4604
609809,Lorenz Brentano Math & Science Academy Elementary School,ES,57.0,94.7%,8.2,LOGAN SQUARE,22,41.93097047,-87.69625758,35,4604
610234,Richard Yates Elementary School,ES,42.0,93.7%,5.4,LOGAN SQUARE,22,41.91502858,-87.70024324,35,4604
610088,Wolfgang A Mozart Elementary School,ES,41.0,95.2%,11.0,LOGAN SQUARE,22,41.92092734,-87.72192541,35,4604
610009,Galileo Math & Science Scholastic Academy Elementary School,ES,65.0,95.0%,22.3,NEAR WEST SIDE,28,41.87124634,-87.65340205,25,4771
610125,Irma C Ruiz Elementary School,ES,57.0,95.5%,12.8,LOWER WEST SIDE,31,41.84809742,-87.68078114,25,4771
610216,John A Walsh Elementary School,ES,60.0,95.1%,12.5,LOWER WEST SIDE,31,41.85484214,-87.64804964,25,4771
609959,John Charles Haines Elementary School,ES,32.0,98.4%,25.7,ARMOUR SQUARE,34,41.84993116,-87.63378596,25,4771
610228,John Greenleaf Whittier Elementary School,ES,65.0,94.9%,3.9,LOWER WEST SIDE,31,41.85050786,-87.67342126,25,4771
610015,Joseph Jungman Elementary School,ES,36.0,96.4%,6.6,LOWER WEST SIDE,31,41.85810053,-87.65233933,25,4771
610129,Josiah Pickard Elementary School,ES,50.0,95.8%,11.0,LOWER WEST SIDE,31,41.85287295,-87.6833397,25,4771
609872,Manuel Perez Elementary School,ES,45.0,95.9%,8.7,LOWER WEST SIDE,31,41.85600113,-87.6579887,25,4771
610329,Orozco Fine Arts & Sciences Elementary School,ES,55.0,97.6%,17.4,LOWER WEST SIDE,31,41.85778248,-87.67519253,25,4771
610013,Pilsen Elementary Community Academy,ES,43.0,96.0%,12.8,LOWER WEST SIDE,31,41.85887606,-87.6622254,25,4771
610121,Washington Irving Elementary School,ES,43.0,95.6%,20.9,NEAR WEST SIDE,28,41.87161238,-87.68357939,25,4771
609967,William F Finkl Elementary School,ES,56.0,95.2%,9.6,LOWER WEST SIDE,31,41.84919885,-87.68570412,25,4771
610196,George B Swift Elementary Specialty School,ES,61.0,96.3%,16.2,EDGEWATER,77,41.98915734,-87.65833342,48,3392
610122,Helen Peirce International Studies Elementary School,ES,58.0,96.7%,20.5,EDGEWATER,77,41.98342819,-87.66586537,48,3392
610269,John T McCutcheon Elementary School,ES,56.0,94.0%,10.8,UPTOWN,3,41.97095968,-87.65472193,48,3392
609945,William C Goudy Elementary School,ES,70.0,96.1%,23.6,UPTOWN,3,41.97581137,-87.65794915,48,3392
610187,Graeme Stewart Elementary School,ES,49.0,95.2%,9.7,UPTOWN,3,41.96434608,-87.65605252,46,4453
609850,Horace Greeley Elementary School,ES,65.0,95.9%,16.3,LAKE VIEW,6,41.95283701,-87.65097549,46,4453
610242,Joseph Brennemann Elementary School,ES,50.0,96.5%,10.9,UPTOWN,3,41.95997841,-87.64971223,46,4453
610189,Joseph Stockton Elementary School,ES,37.0,94.9%,12.4,UPTOWN,3,41.9623189,-87.66388983,46,4453
610394,Uplift Community High School,HS,50.0,88.7%,2.3,UPTOWN,3,41.96557412,-87.65252191,46,4453
609974,Hawthorne Elementary Scholastic Academy,ES,92.0,96.9%,66.0,LAKE VIEW,6,41.94228994,-87.65767253,44,5211
610078,Inter-American Elementary Magnet School,ES,67.0,96.2%,21.3,LAKE VIEW,6,41.94897646,-87.65153745,44,5211
609803,James G Blaine Elementary School,ES,99.0,96.4%,50.1,LAKE VIEW,6,41.95080812,-87.66495825,44,5211
609773,Louis A Agassiz Elementary School,ES,53.0,95.2%,27.5,LAKE VIEW,6,41.93412004,-87.65619167,44,5211
610094,Louis Nettelhorst Elementary School,ES,58.0,95.5%,42.4,LAKE VIEW,6,41.94162999,-87.64459776,44,5211
609789,John Barry Elementary School,ES,35.0,95.1%,12.4,HERMOSA,20,41.93251118,-87.73942514,31,4971
609910,Laughlin Falconer Elementary School,ES,54.0,96.1%,14.2,BELMONT CRAGIN,19,41.93577597,-87.74936705,31,4971
609893,John C Dore Elementary School,ES,74.0,95.6%,25.3,CLEARING,64,41.78092716,-87.78764009,23,4222
610026,John H Kinzie Elementary School,ES,64.0,95.4%,19.7,GARFIELD RIDGE,56,41.78970398,-87.7791043,23,4222
610206,Mark Twain Elementary School,ES,67.0,96.3%,19.8,GARFIELD RIDGE,56,41.79905206,-87.75896524,23,4222
609832,Michael M Byrne Elementary School,ES,63.0,94.6%,24.8,GARFIELD RIDGE,56,41.79503029,-87.79150778,23,4222
609960,Nathan Hale Elementary School,ES,55.0,94.5%,15.6,CLEARING,64,41.78020486,-87.77661589,23,4222
609981,Phobe Apperson Hearst Elementary School,ES,33.0,92.1%,6.7,GARFIELD RIDGE,56,41.80818821,-87.74576315,23,4222
609817,Lyman A Budlong Elementary School,ES,59.0,95.4%,23.7,LINCOLN SQUARE,4,41.97572652,-87.69660443,40,3406
610205,Lyman Trumbull Elementary School,ES,56.0,94.3%,13.5,EDGEWATER,77,41.97621644,-87.6697616,40,3406
610127,Mary Gage Peterson Elementary School,ES,62.0,95.5%,27.5,NORTH PARK,13,41.98158041,-87.71261988,40,3406
610011,Minnie Mars Jamieson Elementary School,ES,64.0,95.7%,23.7,WEST RIDGE,2,41.98461372,-87.70056525,40,3406
609976,Stephen K Hayt Elementary School,ES,72.0,95.6%,23.2,EDGEWATER,77,41.99456814,-87.6685227,40,3406
